"block","story shape","signals in the source","role","capacity","never when","fields"
"banner","the piece's title and topic","the document's title band; the opening of a new part with its own title band","anchor","1 title of 1-3 lines; ~130pt","never mid-page; never on page 2 unless a new part of the document starts there","heading(the title, <=95 chars, the topic and the angle, never 'Two-pager')"
"title","a page or product title without a picture","a product or programme name with its promise; a new theme opening a page","structure","1-2 lines; ~70pt","never for a figure ('2.3M Schools') or a partner name; never a title the document does not have","heading(<=55 chars), highlight(2-3 words copied exactly from heading, set in the accent, may be empty)"
"section","running text under a label","paragraphs or a short list under a heading","narrative","1-8 paragraphs or bullets; ~15pt a line","never three in a row; never for figures, settings or side-by-side columns; split one over ~900 chars","rail(the section label, <=28 chars, sentence case, e.g. ""The challenge"", ""What we do""), items(1-8: kind ""para""|""bullet""|""number"" (a numbered list when the order matters), label(bold lead-in such as a country or programme name followed by a full stop, <=24 chars, usually empty), body(a paragraph, <=480 chars; a bullet <=160 chars))"
"stats","headline figures","a number written large with what it counts under it, in a row","anchor","3, 4 or 6 cards; ~110pt a row","never without real figures; never a page number; never a caption from another line","items(3, 4 or 6: label(the figure with its unit, <=7 chars: ""2.2B"", ""44k+"", ""30-50%"", ""€120k""), body(what it counts, <=55 chars)), accent(index of one card to set in orange, the most striking, or -1)"
"figure","a map or a photo of the place","the piece is about one country, or the document shows a full-width picture","anchor","1 image; ~220pt","never twice in a piece","map(a country name when the piece is about one country, else """"), body(caption, <=110 chars, may be empty)"
"pillars","three areas of work","three parallel items with a bold title and a short text, often with icons","scan","3 columns; ~120pt","never for more or fewer than 3","rail(the side title when the document gives one, else """"), items(3: label(<=22 chars), body(<=210 chars), icon(a Lucide icon name, e.g. ""map-pin"", ""handshake"", ""hand-coins"", ""school"", ""wifi"", ""heart-pulse"", ""shield-check"", ""chart-column""))"
"asks","opportunities for a partner","labelled paragraphs, each an opportunity and how the partner could help","scan","2-4 paragraphs; ~60pt each","never for a short list (use numbered)","heading(<=80 chars, e.g. ""Shaping the next phase together""), items(2-4: label(<=40 chars), body(<=520 chars))"
"panels","two sides compared","two headed columns side by side (now vs asked, partners vs prospects, before vs after)","scan","2 long columns, runs on to the next page; ~15pt a line","never split into two tables; never flattened into sections","items(exactly 2: label(column head, <=40 chars), body(lines: ""# Subhead"" for a bold subhead, ""- "" for a bullet, ""**Name**: text"" for a bold name leading a line or bullet, otherwise a paragraph; <=1800 chars)), accent(1 when the second column is the ask, drawn in orange, else -1)"
"photos","places, settings or programmes","2-6 short items, each a name and one line, about where the work happens or who it reaches","anchor","2-6 cards, 2 to a row; ~150pt a row","never for abstract ideas with no fitting library photo","rail(<=28 chars), items(2 to 6: label(<=28 chars), body(<=60 chars))"
"heading","the start of a new part inside a page","a subtitle that opens the ask or a new theme mid-page","structure","1 line; ~40pt","never at the top of page 1; never invented","heading(<=50 chars)"
"lede","what the piece is, in one paragraph","the opening paragraph under the title, with no label of its own","narrative","1 paragraph; ~60pt","never after a banner when the paragraph has a label","body(<=320 chars)"
"callout","where a product or project stands","a status line: concept, prototype, pilot, live","scan","1-2 lines; ~45pt","never for general text","lead(the label with its colon, e.g. ""Status:""), body(<=320 chars)"
"split","one phase, region or site with its picture","a short tagged paragraph beside a map or a picture","anchor","1 panel; ~210pt","never more than one per page","tag(the pill, <=16 chars, e.g. ""Phase 1""), body(<=300 chars), map(a country name when the panel is about one country, else """"), photo"
"screens","what a digital tool looks like","the brief asks for screenshots, or the piece is about an app or platform","anchor","2 screenshots; ~190pt","never for non-digital work","rail(<=28 chars, may be empty), items(exactly 2: label(""""), body(""""))"
"numbered","what the reader is asked to do","asks or next steps, one sentence each, where the order matters","scan","1-6 points; ~35pt each","never for long paragraphs","rail(<=28 chars), items(1-6: body(<=220 chars))"
"table","a small grid of facts","rows with the same 2-5 attributes (phase, where, when, budget)","scan","1-8 rows; ~30pt a row","never as a title, never for two long columns of prose (use panels)","rail(<=28 chars, the table's title goes here, may be empty), heading(head of column 1), sub(head of column 2), lead(head of column 3): each a column name the rows fill, <=20 chars, never empty and never a title (e.g. ""Phase"", ""Where and when"", ""Budget""); items(1-8 rows: label(column 1), body(column 2), extra(column 3), each <=60 chars)"
"contacts","who to write to","named people with a role and an email","structure","1-4 people; ~40pt each","never without names the brief gives; never anywhere but last","rail(""Contact""), lead(one bold sentence before the names, e.g. what kind of partners are sought, may be empty), items(1-4: label(name), body(role, team), extra(email address))"
